Empresa,Provincia,Ciudad,Contacto,Email,Teléfono,Web,Fuente verificación
"Colchón Exprés","Madrid","San Fernando de Henares","","info@colchonexpres.com","900897956","https://colchonexpres.com","https://colchonexpres.com"
"Factory Colchón","Alicante","Elche","","info@factorycolchon.es","900800068; 663395002","https://factorycolchon.es","https://factorycolchon.es"
"Comunidad Colchonera","Madrid","Rivas-Vaciamadrid","","c.colchonera@comunidadcolchonera.com","916668489","https://comunidadcolchonera.com","https://comunidadcolchonera.com"
"Camapolis","Madrid","Alcalá de Henares","","info@camapolis.com","916584086","https://camapolis.com","https://camapolis.com"
"AGUEDA Colchonería","Madrid","Madrid","","hola@aguedacolchoneria.com","915630981","https://aguedacolchoneria.com","https://aguedacolchoneria.com"
"Dormitorum S.A.","Santa Cruz de Tenerife","Santa Cruz de Tenerife","","rrhh@dormitorum.com","900926155","https://dormitorum.es","https://dormitorum.es"
"Grupo Todoplano","Barcelona","Barcelona","","info@grupotodoplano.es","933684759","https://grupotodoplano.com","https://grupotodoplano.com"
"Colchones Valencia (Grupo Intermobel)","Valencia","Silla","","grupointermobel@gmail.com","961214040; 655954040","https://colchonesvalencia.net","https://colchonesvalencia.net"
"Tiendas Colchón","Málaga","Málaga","","","951533398; 951541426","https://tiendascolchon.es","https://tiendascolchon.es"
"Murcia Confort","Murcia","Murcia","","","968900383","https://murciaconfort.com","https://murciaconfort.com"
"Fábrica Colchones Zaragoza","Zaragoza","Zaragoza","","info@fabricacolchoneszaragoza.es","976311255","https://fabricacolchoneszaragoza.es","https://fabricacolchoneszaragoza.es"
"Colchonerías Bengoa","Vizcaya","Bilbao","","info@colchoneriasbengoa.com","","https://colchoneriasbengoa.com","https://colchoneriasbengoa.com"
"Canapé Colchón Valencia SL","Valencia","Catarroja","","","633782066","https://canapecolchon.com","https://canapecolchon.com"
